{
  "analytical": {
    "original_sketch": 771600600,
    "found_alternatives": 0,
    "alternative_sketches": [
      872140772,
      1744556008,
      1207685091,
      670814175,
      1341902817,
      805031901,
      1073467365,
      2080100317,
      2147209186,
      603705318,
      1073467367,
      133943263,
      402378721,
      335269861,
      133943269,
      268160994,
      1543229412,
      1945882600,
      1140576225,
      2012991453,
      268160989,
      1610338271,
      268160996,
      1073467361,
      1476120542,
      1073467359,
      2012991455,
      872140772,
      872140777,
      1207685095,
      2012991456,
      335269863,
      1274793959,
      133943267,
      939249634,
      805031909,
      1878773731,
      805031907,
      1610338268,
      1811664872,
      1073467369,
      1878773739,
      536596446,
      670814183,
      1677447136,
      1744556004,
      2080100315,
      939249638,
      1878773734,
      1207685098,
      1207685097,
      2012991461,
      872140768,
      402378719,
      1341902819,
      1744556003,
      1140576233,
      2147209185,
      1006358501,
      2080100317,
      1006358502,
      1207685089,
      805031907,
      1207685096,
      1610338280,
      536596454,
      1677447137,
      2080100318,
      1878773737,
      2012991457,
      1744555999,
      737923045,
      1811664871,
      2080100333,
      1610338274,
      133943274,
      2147209183,
      2147209187,
      1409011688,
      1409011684,
      1744555998,
      536596457,
      1409011690,
      201052135,
      1341902820,
      872140772,
      805031909,
      1945882600,
      1610338276,
      335269853,
      66834409,
      335269864,
      402378724,
      1744556003,
      2012991457,
      536596446,
      469487586,
      1207685088,
      1476120544,
      670814182
    ],
    "distances_from_original": [
      2.7986295223236084,
      3.099128246307373,
      3.392733097076416,
      3.575863838195801,
      3.893613338470459,
      4.148421287536621,
      4.472628593444824,
      4.801666736602783,
      5.045678615570068,
      5.151853561401367,
      5.475814342498779,
      5.776792526245117,
      6.193109512329102,
      6.290273666381836,
      6.805408954620361,
      6.76704740524292,
      7.237210750579834,
      7.550105571746826,
      7.698080539703369,
      7.864382743835449,
      8.265955924987793,
      8.325218200683594,
      8.74530029296875,
      9.162684440612793,
      9.421100616455078,
      9.716233253479004,
      10.160989761352539,
      10.320828437805176,
      10.69450569152832,
      10.555914878845215,
      11.058198928833008,
      11.03721809387207,
      11.301905632019043,
      12.16893196105957,
      12.164468765258789,
      12.307766914367676,
      12.179314613342285,
      12.717626571655273,
      13.149713516235352,
      13.216164588928223,
      14.252504348754883,
      13.684006690979004,
      13.87190055847168,
      14.681466102600098,
      14.871376037597656,
      15.077649116516113,
      15.262237548828125,
      15.9779052734375,
      16.49312973022461,
      16.16965675354004,
      16.438554763793945,
      16.925748825073242,
      17.74920654296875,
      18.41387176513672,
      18.703752517700195,
      18.782785415649414,
      18.00550079345703,
      18.704191207885742,
      19.301651000976562,
      19.428861618041992,
      19.250789642333984,
      19.986019134521484,
      19.633203506469727,
      19.413867950439453,
      20.204185485839844,
      20.429712295532227,
      20.58580780029297,
      19.838075637817383,
      21.648174285888672,
      21.599468231201172,
      22.235761642456055,
      22.314891815185547,
      22.531339645385742,
      22.88689422607422,
      22.941591262817383,
      24.250669479370117,
      22.996063232421875,
      24.611995697021484,
      23.504911422729492,
      26.46732521057129,
      23.956125259399414,
      26.370010375976562,
      26.22128677368164,
      25.94493293762207,
      26.747821807861328,
      27.20557403564453,
      27.531272888183594,
      28.33225440979004,
      27.920141220092773,
      27.522340774536133,
      26.905187606811523,
      27.945833206176758,
      27.93255615234375,
      28.99831199645996,
      28.489633560180664,
      29.497398376464844,
      29.816192626953125,
      29.65349006652832,
      28.117694854736328,
      30.538528442382812
    ],
    "optimization_method": "analytical",
    "success": false,
    "iterations": 100,
    "time_elapsed": 6.779775619506836
  },
  "optimization": {
    "original_sketch": 771600600,
    "found_alternatives": 0,
    "alternative_sketches": [
      771599642,
      771605606,
      1392526107,
      771736167,
      771596842,
      1392527366,
      771662829,
      771597298,
      507524518,
      771717497
    ],
    "distances_from_original": [
      16.375152587890625,
      298.3646240234375,
      192.72964477539062,
      198.49961853027344,
      219.3559112548828,
      191.99473571777344,
      204.52056884765625,
      283.55108642578125,
      193.30349731445312,
      197.61639404296875
    ],
    "optimization_method": "gradient_optimization",
    "success": false,
    "iterations": 10000,
    "time_elapsed": 27.376394271850586
  },
  "smart_search": {
    "original_sketch": 771600600,
    "found_alternatives": 3,
    "alternative_sketches": [
      771600600,
      1946005725,
      2147332319,
      1509798109,
      402501854,
      570274017,
      1610461413,
      1308471519,
      335392993,
      1543352546,
      939372766,
      1476243676,
      2013114591,
      335392992,
      1979560158,
      436056285,
      1207808228,
      972927199,
      1946005733,
      1677570267,
      1878896856,
      670937303,
      1845342436,
      167620835,
      1174253785,
      1006481632,
      1274917089,
      1811788005,
      1509798113,
      738046180,
      268284135,
      167620824,
      905818339,
      1946005728,
      436056284,
      167620828,
      1207808224,
      838709468,
      738046170,
      1140699348,
      872263914,
      1644015836,
      1409134813,
      771600605,
      100511970,
      100511963,
      1711124705,
      1610461406,
      1576906974,
      570274016,
      972927194,
      268284123,
      1107144932,
      1811787999,
      66957534,
      1375580384,
      2080223456,
      603828450,
      805155042,
      134066398,
      1811787998,
      1576906977,
      1274917088,
      972927198,
      1140699359,
      33403097,
      670937313,
      1073590490,
      972927204,
      1174253791,
      201175265,
      1543352543,
      1744679143,
      2046669027,
      1207808225,
      1979560156,
      1878896864,
      536719582,
      201175262,
      368947422,
      872263896,
      1778233563,
      1711124698,
      1207808223,
      100511969,
      1409134825,
      838709471,
      1509798107,
      872263900,
      1845342428,
      738046169,
      1107144924,
      1811787997,
      939372776,
      2113777891,
      603828454,
      2080223455,
      1878896867,
      436056284,
      134066394
    ],