pass@1,step,seed,run_id
0.41015625,,2024,x5r5p4k8
0.287109375,,2024,x5r5p4k8
0.349609375,,2024,x5r5p4k8
0.435546875,,2024,x5r5p4k8
0.34765625,,2024,x5r5p4k8
0.416015625,,2024,x5r5p4k8
0.404296875,,2024,x5r5p4k8
0.525390625,,2024,x5r5p4k8
0.404296875,,2024,x5r5p4k8
0.5,,2024,x5r5p4k8
